LOCATION,LATITUDE,LONGITUDE,FIPS,AREA,IRRIGATION,TEMP_01,TEMP_02,TEMP_03,TEMP_04,TEMP_05,TEMP_06,TEMP_07,TEMP_08,TEMP_09,TEMP_10,TEMP_11,TEMP_12,TEMP_13,TEMP_14,PREC_01,PREC_02,PREC_03,PREC_04,PREC_05,PREC_06,PREC_07,PREC_08,PREC_09,PREC_10,PREC_11,PREC_12,PREC_13,PREC_14,RAD_01,RAD_02,RAD_03,RAD_04,RAD_05,RAD_06,RAD_07,RAD_08,RAD_09,RAD_10,RAD_11,RAD_12,RAD_13,RAD_14,RAD_13,RAD_14,CEC,PH,ORGANIC MATTER ,CLAY,SILT_TOP,SAND_TOP,AWC_100CM
10,46.501212,-96.33859,27167,7992.5,831.652312,2929.7,2822,2832.7,2612.9,3011.8,3087.2,3004.7,2797.4,2792.1,3071.7,2892.4,3210.3,2793.5,2768.1,3064.8,447.5,433.9,489.8,460.8,462.1,292.1,363.8,635,353.4,589,586.1,417.1,527.1,576.4,538.6,1061350,1097391,1064571,1053405,1060419,1090961,1104384,1071154,1056994,1043535,1032544,1100823,1015998,992691,26.655599,7.222128,6.803356,22.303241,35.982133,41.781395,21.478885
20,48.481819,-97.354542,38099,2102.8,56.178384,2757.8,2567.5,2739.9,2332.2,2781.3,2937.7,2756.8,2692.9,2661.4,2932.4,2843.9,3122.6,2684.1,2687,2977,406.3,520.8,431.2,544.7,448.3,244.5,383.1,459.2,474.1,540.2,573.9,269.6,499.9,503.6,472,1032140,1074451,1026016,992415,1019472,1093612,1069450,1048221,1018966,1006473,1008991,1056317,1023342,974648,29.820095,7.589446,7.175127,31.485822,46.015191,22.490958,25.397483
30,47.383756,-96.36288,27107,6420.4,20.234374,2919.2,2775.3,2862.9,2528.7,2974,3089.9,2949.6,2802.4,2788.6,3058.7,2936.1,3197.4,2813.7,2792.2,3030.1,445.5,517.9,423.2,535.2,428.7,288,388.6,501,391.3,568.4,658.7,300.4,464.6,563.7,488.6,1042626,1082637,1042919,1021606,1032409,1091576,1081653,1053436,1022688,1017612,1018593,1080511,1011937,974301,26.38614,7.328356,6.924282,19.525246,25.714048,54.747396,18.263845
101,47.90848,-97.62637,38035,5189.8,454.833566,2829.6,2652.6,2784.9,2422.6,2867.9,3004.9,2852,2732,2703.5,2982.6,2860.6,3172.7,2726.6,2712.7,3006,408.4,472.2,416.6,512.6,426.6,238.4,359.6,449.6,453.6,607.6,561.2,263.1,533,465.2,501.4,1043781,1082211,1036736,1013961,1038369,1100073,1081216,1050560,1017296,1017071,1018910,1072692,1029851,977706,27.709274,7.314308,6.861001,23.775101,33.212891,42.986473,21.693859
103,46.977,-96.884,38017,12774.4,201.405003,2977.4,2852.1,2901.7,2625.5,3046.3,3147.9,3035.7,2903,2863.7,3142.1,2976,3308.9,2878.3,2861.3,3118.3,409.6,401,428.9,483.7,414.4,260.3,366.9,476.3,367,565.2,570.1,401.7,494.4,576.5,487.9,1061577,1097147,1055795,1048009,1063084,1100467,1098713,1067215,1044233,1029982,1025720,1099641,1018317,988927,32.20978,7.344828,7.484837,41.345197,42.81467,15.911892,27.676606
107,46.908,-98.709,38093,4048.6,115.384619,2914.4,2789.7,2860.3,2579.4,2982.8,3102.2,2963.8,2784.4,2698.4,2965.1,2757.8,3179.5,2718.2,2690.8,3003.4,353.3,301.8,400.5,423.1,396.8,220.7,370.9,397.4,413.7,609.4,507.4,333.3,515.6,588.5,410.3,1076392,1101096,1064253,1059686,1097322,1115373,1115424,1087988,1069617,1052824,1051552,1103974,1046380,1003437,25.642289,7.104803,5.968004,23.659071,34.745153,41.614005,21.378516
110,47.11443,-97.131311,38017,13618.6,256.113597,2977.4,2852.1,2901.7,2625.5,3046.3,3147.9,3035.7,2903,2863.7,3142.1,2976,3308.9,2878.3,2861.3,3118.3,409.6,401,428.9,483.7,414.4,260.3,366.9,476.3,367,565.2,570.1,401.7,494.4,576.5,487.9,1061577,1097147,1055795,1048009,1063084,1100467,1098713,1067215,1044233,1029982,1025720,1099641,1018317,988927,28.207248,7.323727,7.122696,30.040148,35.409505,34.561415,24.01875
119,45.54337,-96.43557,27011,9093.1,188.308826,3073.8,3007.8,2983.2,2826,3206.4,3194.5,3174.5,3034.3,3007.4,3280.4,3067.4,3444.3,2980.3,2949,3281.7,446.5,353,491,471.2,467.4,323.9,343.7,580.3,391,615.6,623.4,436.6,582.5,706.7,472,1083336,1118781,1084910,1086341,1093526,1099081,1125036,1098281,1082630,1070824,1052547,1108340,1031682,1015075,29.832679,7.188441,7.167354,30.999855,39.053037,30.019108,24.644398
120,46.30039,-96.48111,27167,9245.7,190.189566,3034.4,2939.4,2935.2,2736.5,3131.3,3186.3,3118.3,2981.1,2946.8,3217.5,3021.6,3349.6,2931.8,2931.7,3180.8,435.6,379.3,484.6,457.2,454.4,284.8,352,613.1,343.1,539.6,595.4,393.2,556.8,600,542.4,1070084,1105838,1069412,1065263,1073652,1094890,1110837,1077895,1066895,1048150,1035590,1106461,1014054,1002638,29.574653,7.383941,6.698668,32.118056,34.002604,33.870587,24.463845
130,48.137077,-97.573581,38035,4860.3,427.861246,2829.6,2652.6,2784.9,2422.6,2867.9,3004.9,2852,2732,2703.5,2982.6,2860.6,3172.7,2726.6,2712.7,3006,408.4,472.2,416.6,512.6,426.6,238.4,359.6,449.6,453.6,607.6,561.2,263.1,533,465.2,501.4,1043781,1082211,1036736,1013961,1038369,1100073,1081216,1050560,1017296,1017071,1018910,1072692,1029851,977706,28.903212,7.419958,6.8531,25.350694,33.128906,41.495226,22.431814
140,45.31436,-98.2989,46013,8651.3,234.629694,3178.2,3153.7,3126.2,2958,3315.6,3339.3,3244.8,3040.6,2965.5,3334,3130.3,3578.9,3093.2,3021.9,3336.1,406.9,247.2,370.5,402.7,391.4,231.7,352.7,545.7,427.6,591.3,491.7,383,520.2,697.5,532.5,1102018,1137602,1101040,1115462,1127588,1122634,1145510,1124394,1113649,1084411,1065678,1142812,1077983,1048878,27.307198,6.951561,5.989278,25.472148,49.133363,25.414725,24.106608
150,46.202694,-98.2391,38021,7690.1,596.776817,3027.1,2954.3,2981.4,2746.5,3135,3219,3089.5,2911.3,2835.9,3130.2,2909.7,3319,2872.2,2842.6,3158.8,371.3,262.7,373.5,411.2,387.5,229.8,366.6,431.1,358.6,488.4,490,343.7,455.2,616.9,458.8,1089861,1116983,1079468,1085256,1114035,1118541,1128600,1098585,1083028,1062497,1057289,1121718,1048643,1024703,26.957535,7.003484,6.298501,24.167102,36.957535,38.861135,22.18689
160,47.351845,-99.475466,38103,9482.9,33.397585,2856.8,2697.5,2810.7,2494.9,2898.5,3052.8,2905.8,2732.6,2614.1,2869.3,2692.9,3097.3,2622.8,2636.6,2962.5,304.1,287.5,390.5,375.5,357.2,193.5,349.4,474.2,431.4,517.5,481,288.1,544.1,493.6,450.7,1081278,1100361,1065333,1053136,1102979,1122858,1120501,1089981,1058531,1045755,1043057,1081757,1050316,1011466,25.457031,7.031474,6.220953,25.04456,36.189453,38.683521,22.354102
1102,46.49975,-97.57849,38073,9268.8,1275.500954,3038.7,2943.5,2965.2,2724.5,3132.1,3213.7,3114.5,2978.1,2908.6,3196.7,2987.1,3357.5,2885.2,2896.7,3196.7,391.9,317.3,422.3,451.2,400.9,250.5,347.4,487.3,338.3,586.6,530.8,369.6,554.1,575.7,499.3,1075162,1107742,1066667,1067061,1086096,1105214,1112427,1084617,1068505,1054581,1043867,1112523,1029232,1012789,25.136548,7.078729,6.359579,23.057703,34.114755,42.801622,20.991182
1110,44.30998,-96.705308,46011,5092.6,789.362212,3208.2,3180.3,3126.5,3026.4,3353,3253.2,3286.8,3057.6,2996.7,3299.5,3136.5,3528.8,2990.6,2996.9,3252.7,432.8,346.5,405.4,458.8,465.1,374.8,388.6,509.7,469.5,836.2,581.1,477.4,695.1,519.7,542.3,1102202,1143285,1114272,1118186,1121546,1116489,1145936,1125282,1094525,1092609,1061734,1149779,1062451,1036223,27.102865,6.79673,6.349816,24.457972,41.334997,34.166522,22.973416
1130,44.93597,-98.39331,46115,7413.3,664.385747,3267.1,3262.5,3218.2,3069.3,3407.6,3430.8,3344.3,3098.6,3021.6,3377.1,3180.4,3649.8,3151.5,3094.9,3377.3,413,236.8,347.2,385,372,217.1,341.8,509.4,445,590.7,510.6,377.2,542.5,641.4,448,1107308,1146010,1111591,1128362,1135824,1131689,1155434,1129846,1116986,1090583,1074057,1149209,1085817,1058598,27.291794,6.901997,5.611397,25.629412,49.651634,24.664706,24.378083
1140,44.348412,-96.634137,46011,6319.8,948.247934,3157.6,3137.9,3082.1,2987.2,3313.4,3209,3252.8,2997.1,2931.2,3236.6,3078.6,3461.2,2927.3,2913.6,3204.5,445.5,369.3,415,468.1,472.7,380.9,388.3,556.1,475.8,842.6,583.9,478.2,694.6,545.9,542.3,1101477,1141724,1115113,1116455,1120764,1115414,1145237,1121685,1089143,1090439,1059459,1148611,1058003,1034445,27.426505,6.764019,6.074994,24.948061,44.301143,30.841869,23.508854
1210,44.717,-94.086,27143,7201.4,33.303463,3124.1,3096,3089.4,2980.3,3313.5,3267.1,3314,3117.4,3165.8,3360.7,3184.9,3480.4,3092.2,3007.8,3275.5,511.8,502.3,436.7,540.6,427,394.1,342.4,667.1,486.4,882.4,621.1,544.9,588.2,666.2,580.9,1073346,1095573,1092131,1082326,1087858,1091942,1127656,1066787,1066141,1049926,1035452,1119820,1020404,1000506,28.921152,6.61718,7.626366,26.60735,37.865741,35.574797,23.595226
1220,44.483,-93.035,27049,4406.2,142.675785,3172.3,3138.2,3126.1,3026.2,3335.8,3306.7,3347.9,3129.8,3188.8,3429.9,3201.8,3512.9,3100.4,3072.1,3256.6,507.8,517.8,446.2,568.9,404.9,378.4,358,704,495.6,934.5,651.4,497.1,643.5,727.4,633.2,1069232,1086058,1087210,1076478,1087662,1081208,1123347,1053638,1057745,1056288,1022115,1115279,1000423,995052,26.025365,6.178823,6.803279,20.850073,38.459942,40.704167,21.853048
1250,44.089,-93.303,27147,5480.1,62.634715,3120.3,3126.4,3087.1,3022.5,3294.4,3230,3293.9,3067.8,3106.3,3368.7,3146.8,3489.3,3057.7,2994.4,3210.4,528,486.8,437.4,535.1,413.3,411.1,363,726.7,559.1,818.5,630.4,478.1,628.4,837.8,733,1081005,1099274,1095816,1089951,1105416,1083962,1132724,1057477,1056750,1060760,1033036,1127106,1022768,998548,30.351997,6.215126,7.539843,25.5727,43.866753,30.560547,24.642687
1260,43.68881,-96.28616,27133,7653.3,108.25866,3189,3201.1,3116.2,3047.3,3354.9,3253.9,3306.3,3074.4,2995.4,3315,3129.8,3534.3,3019.9,2987.2,3275.1,463.7,386.6,413.6,466.9,452.8,359.3,386.3,569,525.8,811.2,605.7,482.8,610.6,629.2,671.9,1104139,1145848,1123071,1121590,1128710,1120225,1150087,1114864,1080771,1094815,1065236,1160481,1054856,1031275,27.297671,6.476338,5.662898,26.234158,48.90191,24.833333,24.465885
1270,44.643,-95.156,27127,6997.8,27.144595,3140,3125.3,3099.3,2979.9,3336.1,3239.9,3300,3220.6,3166.6,3343.6,3230.4,3582.6,3127.2,3063.2,3357,473,423.1,434,507.7,486.9,430.8,335.8,660.4,510.7,811.2,644.7,521.8,648.1,650.5,482.9,1086678,1118362,1101317,1096983,1100621,1103670,1134938,1089405,1070482,1068389,1040217,1126041,1035417,1002471,26.269748,6.82764,6.528933,25.591073,36.268012,38.143953,22.656272
1280,44.92363,-95.98347,27073,8155.1,267.142745,3120,3071.6,3042.7,2905.6,3277.8,3222.7,3241.9,3116,3102.8,3280.4,3158.6,3538,3066.6,3018.3,3329.8,456.8,384.4,481.3,497.5,476,375.4,348.6,638.3,446.7,699.7,590,425.6,616.8,664.5,480.3,1086485,1120975,1093865,1093007,1098227,1101296,1130941,1105367,1080342,1072606,1050331,1115487,1031477,1010586,28.927517,7.071832,6.562415,28.440611,38.973235,32.669126,24.088759
1290,43.757,-92.872,27099,6472.2,210.585953,3128.7,3139.9,3083.9,3034.6,3292.6,3217,3280.1,3054.5,3080.5,3353.9,3134.1,3497.3,3057.2,2979.3,3187.6,553.4,489,461.7,530.7,402.3,434.4,387.2,706.3,540,827.6,649.7,424.3,655.7,864.6,718.8,1083378,1100947,1097269,1091295,1114887,1081129,1135760,1055668,1051819,1061245,1032066,1130376,1022627,999616,28.694517,6.090791,7.233593,23.257957,47.151982,29.602865,23.748958
1301,43.3077,-89.32343,55021,2856.1,209.094754,3203.5,3200.3,3023,3036.3,3334.9,3224.8,3266.7,3148.9,3026.4,3408.3,3141.2,3509.6,3074.9,3058.7,3274,554.8,436.7,512.1,602.7,286.9,471.6,460.8,599.9,641.2,735.8,634.2,325,659.6,661.4,689.2,1092285,1110116,1099652,1075674,1147481,1067968,1120214,1046223,1021994,1050842,1008775,1128769,1012620,1031580,23.702722,6.126796,8.143973,21.061396,52.044237,26.935491,23.24242
1320,42.979716,-89.449691,55025,2156.2,225.682054,3279.5,3275.4,3106.3,3124.7,3414.4,3292.2,3353.3,3215.4,3082.6,3464.2,3214.5,3552.9,3147.1,3118.2,3271.4,559.7,453.1,550,590.9,279.5,470.9,434.7,617.6,655.7,736.2,650.9,330.9,642.4,594.3,684.6,1089482,1102876,1093710,1073106,1145380,1061153,1121141,1052678,1022739,1059291,1019228,1132342,1014960,1032072,23.76331,6.200955,7.813844,20.289352,51.361834,28.37283,23.030469
1402,43.50734,-83.52332,26157,7189.9,250.272799,2972,2990.2,2714.7,2799.4,3097.6,2987,2967,3118.9,2929.4,3361.4,3059.3,3265.3,3005.1,2911,3241.1,417.5,331.2,393.3,391.4,266.6,368.9,298.5,702.3,563.9,635.1,655.5,374,630.5,581.9,463,1077011,1108153,1053980,1062049,1105012,1076563,1133573,1055854,1026066,1031389,1024936,1110759,1017373,1041977,23.011212,6.628805,7.814006,22.881583,37.460142,39.638817,21.558485
1410,43.173979,-84.787589,26057,5669.8,467.131812,3088.4,3133.2,2920.8,3000.6,3274.5,3143,3189.5,3163.7,2993.5,3364,3108.8,3329.9,3064,2951.2,3247,465.3,448.2,413.2,475.8,276.4,424.2,352,638.6,594.1,624.6,670.5,336.1,635.4,563.1,517.3,1076918,1107702,1051461,1059318,1103980,1071364,1125399,1067132,1030208,1033691,1019269,1108274,1020250,1027014,22.447917,6.367093,9.740458,21.438006,35.346427,43.18099,20.807444
2110,43.3196,-96.56882,46083,6760.4,120.261918,3319.5,3340.1,3220.8,3171.9,3465.7,3366.3,3419.6,3206.7,3137.6,3432.1,3255.5,3699.2,3213.1,3127.8,3390.8,435.4,352.8,382.8,425.9,409.6,345.5,375.6,589.9,514.5,765,657.6,464,577.6,684.1,654.3,1110490,1158984,1132607,1129629,1142867,1130504,1158031,1118318,1087794,1098418,1069596,1179091,1054586,1040005,27.936053,6.615104,4.423613,26.624349,44.908709,28.442419,24.199002
2111,43.3196,-96.56882,46083,6760.4,120.261918,3319.5,3340.1,3220.8,3171.9,3465.7,3366.3,3419.6,3206.7,3137.6,3432.1,3255.5,3699.2,3213.1,3127.8,3390.8,435.4,352.8,382.8,425.9,409.6,345.5,375.6,589.9,514.5,765,657.6,464,577.6,684.1,654.3,1110490,1158984,1132607,1129629,1142867,1130504,1158031,1118318,1087794,1098418,1069596,1179091,1054586,1040005,27.936053,6.615104,4.423613,26.624349,44.908709,28.442419,24.199002
2120,41.908969,-96.980766,31039,8004.2,3122.371686,3592.4,3648.7,3456.1,3462.3,3737.6,3633,3670,3426.4,3375.9,3677.2,3490.5,3962.8,3490.9,3395.4,3534.3,453.4,305.3,357.4,343.5,328,351.4,373.2,526.6,472.2,597.2,612.2,390.5,552.7,794.6,725.4,1129775,1190709,1155607,1146356,1176258,1161278,1167466,1118553,1098875,1119632,1097103,1210019,1070640,1085937,26.71318,6.243627,3.481656,26.996672,55.90191,17.144097,25.067535
2130,41.77197,-97.44966,31119,8329.4,6346.140016,3572.9,3631.5,3436.4,3454.8,3708.4,3611.6,3641.3,3393.7,3342.9,3648.4,3481.8,3931.3,3483,3386.6,3500.7,442.4,307,359.9,321.7,314.2,346.1,363.7,532.9,493.3,594.4,635.5,365.1,514.8,700.4,762.2,1138427,1199894,1162722,1151772,1180971,1171247,1166131,1130348,1106179,1127078,1099753,1209453,1081833,1104488,26.429181,6.289562,3.480524,26.879413,52.637876,20.540365,24.849826
2170,41.814372,-96.157919,31021,8979.5,3967.091143,3566.3,3625.3,3439.5,3430,3746,3639.1,3645,3480.9,3415.4,3648.8,3559.2,3949.3,3537.6,3437.4,3586.4,495.9,318.7,352.3,359.8,282.9,385.8,386.3,612.8,479.9,722.5,624,417.7,503.6,806.9,845.7,1118433,1176424,1148560,1143034,1178959,1150234,1169147,1106222,1097510,1098721,1090615,1198932,1064136,1067478,28.967303,6.66663,4.110656,28.837674,51.476273,19.666884,25.333073
2200,42.28956,-91.0908,19061,2895.4,24.621815,3386.7,3388,3277.6,3249.5,3548.4,3414.5,3489.6,3268.5,3201.6,3554.4,3358.8,3655.9,3315.1,3228.6,3350.8,565.9,508.5,546,505.2,254.4,420,390.3,774.4,775.7,904.4,619.9,415.5,677.1,747.3,709.9,1089496,1101108,1094115,1084600,1153911,1069581,1135705,1040957,1034480,1063030,1060185,1147794,1043740,1040926,24.467014,6.185301,7.101171,20.671224,54.323351,24.981771,23.48763
2201,41.684804,-94.14332,19049,7919.3,70.664687,3481.5,3482.4,3380.1,3361.5,3629.4,3582,3582.4,3396.7,3346.8,3671.6,3500.1,3862.2,3462.6,3351.6,3548.2,563,498.5,421.7,422,299.8,338.8,363.9,800.7,710.9,930.5,665.2,351.6,632.8,953,877.4,1095050,1133293,1130232,1128980,1171246,1119163,1166148,1084210,1083509,1082524,1069652,1162814,1055874,1026152,28.911097,6.375101,4.128498,27.871166,49.979745,22.132523,25.327951
2210,43.148,-93.108,19033,6335.1,87.712941,3210,3234.5,3148.2,3123.2,3381.6,3287.4,3334.8,3172,3128.8,3429,3252.4,3619.5,3183,3099,3319.2,593.4,491,497.2,494.7,354.5,434.6,401.8,755,667.4,883.8,711.4,381.4,650.5,841,823.2,1087986,1110901,1107028,1101290,1138795,1089686,1147891,1059282,1052785,1066619,1052829,1132757,1028484,1006544,26.361183,6.323126,5.251748,23.079716,41.06807,35.727792,23.036762
2212,42.8737,-95.8045,19035,10501,3.657828,3356.6,3401.3,3246.9,3227.3,3530.3,3432.6,3467,3191.2,3161,3455,3289.1,3678.6,3220.4,3140.2,3362.1,477.3,362.2,385.8,435.2,363.3,370.6,366.3,630.3,540.2,757.5,621.3,476.8,552.5,869.9,773.6,1105888,1154167,1133253,1129368,1150749,1129318,1162088,1096075,1083250,1094852,1070729,1178434,1051159,1023900,32.053096,6.337674,4.867709,29.879196,52.588614,17.575231,25.947938
2213,42.792,-93.493,19197,8598.3,2.443244,3244.8,3278.5,3178.7,3160.4,3423.7,3339.3,3373,3177.4,3161.1,3452.8,3278.6,3641.4,3212.7,3105.2,3339.4,575.6,454.4,458.4,460.4,339.6,403.5,386,789.8,611.9,976.5,640,375.5,675.2,768.5,802,1089678,1119395,1115132,1112255,1144484,1101433,1154958,1064461,1064288,1074499,1063693,1136748,1044315,1003374,28.727503,6.527901,5.60712,25.304326,39.148003,35.570312,23.883854
2220,42.962069,-95.170808,19041,7803.5,44.073267,3304.1,3352.5,3206.9,3192.5,3488.6,3396.4,3431.7,3182.5,3185.4,3467.6,3293.9,3669,3227.8,3128.3,3358.7,493.4,380,390.7,445.9,364.1,372.5,356.5,704.7,551.5,779,626,449.5,585.4,848.8,818.7,1100601,1144614,1128193,1125875,1144449,1123013,1159436,1081235,1081266,1092290,1072653,1171144,1048964,1011976,30.728082,6.416117,5.758479,27.814742,47.184751,25.041667,25.157053
2230,42.771771,-95.637367,19035,6538.7,3.149967,3358.2,3406.8,3245.2,3229.9,3536.5,3439.2,3463.1,3198.5,3186.1,3474.7,3314.4,3690.3,3252.6,3160.5,3396.6,488,357.9,382.6,428.3,348.8,371.9,374.4,752.3,531.7,774.3,636.5,433.5,599.5,930.3,778.1,1105621,1154780,1134501,1130686,1154382,1130466,1163876,1088334,1086221,1093090,1073336,1181735,1050751,1019900,28.558015,6.367925,4.44189,28.003545,51.878979,20.160373,24.985677
2240,42.35636,-92.4855,19013,6282.6,32.880859,3309.1,3318.9,3222.5,3197.2,3472.6,3367.6,3417.6,3271.1,3213.3,3538.9,3349.7,3671.6,3302.4,3206.3,3403.8,584.3,503.4,531.5,488.3,323.9,432.4,390.9,745.3,645.9,984.9,621.6,369.3,712.8,786.2,831.5,1089577,1111784,1107869,1099829,1151083,1089226,1150014,1048668,1052726,1061675,1059809,1148385,1036034,1017325,26.066262,6.096803,5.188692,24.215929,46.658058,29.041594,23.980317
2241,42.35636,-92.4855,19013,6282.6,32.880859,3309.1,3318.9,3222.5,3197.2,3472.6,3367.6,3417.6,3271.1,3213.3,3538.9,3349.7,3671.6,3302.4,3206.3,3403.8,584.3,503.4,531.5,488.3,323.9,432.4,390.9,745.3,645.9,984.9,621.6,369.3,712.8,786.2,831.5,1089577,1111784,1107869,1099829,1151083,1089226,1150014,1048668,1052726,1061675,1059809,1148385,1036034,1017325,26.066262,6.096803,5.188692,24.215929,46.658058,29.041594,23.980317
2250,42.488463,-94.040617,19187,7701,6.217621,3339.4,3373.5,3253.6,3243.7,3517.2,3440.8,3455.1,3272.1,3258.2,3545.5,3372.4,3742.7,3320.3,3211.9,3426.3,566.9,433.1,444.4,446.1,314.1,385.6,385.4,756.6,577.7,965.2,636.4,324.3,636.6,877.5,883.8,1091745,1127667,1122869,1121524,1154128,1110902,1161951,1070345,1079147,1081646,1067932,1147292,1053145,1008124,30.35829,6.420067,5.78783,27.109881,38.086589,34.811053,24.66174
2260,42.167166,-95.004394,19027,6056.6,30.495867,3421.9,3461.6,3305.4,3302.5,3603.5,3526.5,3514.1,3279.6,3245.1,3548.2,3377.5,3756.3,3342.7,3234,3434.5,535.3,388.7,388,414.8,290.2,377.7,390.7,771.5,540.4,822.7,724.7,345.5,592.7,914,969.4,1100259,1147887,1135684,1134679,1165596,1128844,1168399,1086145,1091966,1092789,1073828,1180918,1060528,1024896,29.080874,6.173944,4.177184,27.691913,53.611907,18.689308,25.529644
2261,42.167166,-95.004394,19027,6056.6,30.495867,3421.9,3461.6,3305.4,3302.5,3603.5,3526.5,3514.1,3279.6,3245.1,3548.2,3377.5,3756.3,3342.7,3234,3434.5,535.3,388.7,388,414.8,290.2,377.7,390.7,771.5,540.4,822.7,724.7,345.5,592.7,914,969.4,1100259,1147887,1135684,1134679,1165596,1128844,1168399,1086145,1091966,1092789,1073828,1180918,1060528,1024896,29.080874,6.173944,4.177184,27.691913,53.611907,18.689308,25.529644
2270,42.95074,-94.039738,19109,8173.1,56.748693,3228.2,3276.3,3175.2,3154.9,3421.5,3338.6,3373.4,3188.4,3190.6,3474.5,3293.7,3674.1,3234.4,3130.7,3351.7,560,427,422.2,454.2,353.8,387.4,374.5,724.1,531.6,939.2,648.7,384.1,666.2,781.8,849.8,1089948,1121287,1115349,1113945,1136689,1104364,1153357,1065949,1066302,1077119,1062506,1140274,1041270,1003302,31.529297,6.707885,6.343918,26.305122,37.982639,35.670718,24.44464
2280,42.73317,-92.0392,19065,6469.2,28.653829,3225.1,3232.5,3139.9,3107.8,3380.8,3270,3326,3165,3106.2,3419.6,3251.1,3569.9,3189.3,3107.8,3296.4,583.9,509.2,527.8,526.4,331.4,461,416.2,757.6,613,893.1,633.3,399.6,737.1,756.1,762.1,1086891,1104679,1100173,1090054,1141879,1078784,1141772,1041225,1044094,1059288,1047271,1144909,1018530,1015345,25.041667,6.000919,6.126231,22.071759,42.603226,35.235388,22.918641
2290,41.95584,-93.541321,19169,7155,50.947339,3436.4,3446.5,3348.3,3324.8,3590.6,3530.9,3545.1,3352.1,3319.8,3634.4,3460,3810.8,3416.1,3311.1,3493.1,575,492.7,451.8,438.1,312.2,357.8,370.3,847.6,762.3,960.5,602.8,351.2,683.6,957.1,843.1,1093162,1126400,1123464,1120429,1164317,1110763,1162246,1070142,1078880,1078276,1064876,1151862,1055653,1018408,28.621021,6.241312,3.880812,25.871962,43.611256,30.542607,24.334115
2291,42.159384,-93.444362,19169,8486.6,32.686278,3361.7,3376.3,3273.6,3254.8,3521.8,3451.4,3472.1,3266.7,3242.8,3543,3367.3,3722.2,3316.9,3206.7,3428.5,576,479.3,464.7,443.7,314.6,376.8,376.6,808.9,741.1,997.4,614.9,323.8,675.3,858.8,847.1,1092125,1124769,1121564,1118386,1160464,1108155,1161167,1066336,1076461,1077328,1065257,1147209,1053454,1013800,29.822193,6.275217,4.960615,26.188296,42.700231,31.150391,24.838411
2292,42.077777,-93.512541,19169,8007.3,60.684161,3436.4,3446.5,3348.3,3324.8,3590.6,3530.9,3545.1,3352.1,3319.8,3634.4,3460,3810.8,3416.1,3311.1,3493.1,575,492.7,451.8,438.1,312.2,357.8,370.3,847.6,762.3,960.5,602.8,351.2,683.6,957.1,843.1,1093162,1126400,1123464,1120429,1164317,1110763,1162246,1070142,1078880,1078276,1064876,1151862,1055653,1018408,29.248626,6.28384,4.468491,25.90531,42.428096,31.686198,24.476693
2301,42.66187,-88.936,55105,6376.3,969.124576,3275.9,3276.3,3068.5,3118,3423,3279.6,3349.3,3242,3090.6,3472.3,3213.5,3541.3,3158.4,3106.6,3294.2,550.9,449.9,551.1,584.2,263.8,473.9,431.6,606,689.1,759.7,688,311,615.5,632.3,619.8,1103942,1116090,1107155,1088930,1158112,1071768,1130061,1051644,1017214,1056370,1020071,1130063,1015681,1038750,26.866898,6.236097,7.978317,22.099175,53.841797,24.070385,24.483681
2308,42.5036,-88.876,55105,4891,301.586182,3367.8,3367.4,3168.1,3219.8,3519.1,3364.5,3452.5,3299.3,3161.5,3533.4,3279.1,3592.9,3234.7,3173.4,3338.7,549.3,460.6,590.2,562.8,256.4,480.7,407.3,650.5,662.8,843.1,737.8,338.6,676.1,618.9,595.9,1101800,1110019,1102599,1087257,1157040,1066551,1130987,1046837,1014181,1055041,1029930,1130669,1019670,1043724,24.485749,6.17304,7.769674,20.784867,55.920067,23.290582,23.703689
2309,42.66489,-88.97023,55105,1842.6,771.300574,3275.9,3276.3,3068.5,3118,3423,3279.6,3349.3,3242,3090.6,3472.3,3213.5,3541.3,3158.4,3106.6,3294.2,550.9,449.9,551.1,584.2,263.8,473.9,431.6,606,689.1,759.7,688,311,615.5,632.3,619.8,1103942,1116090,1107155,1088930,1158112,1071768,1130061,1051644,1017214,1056370,1020071,1130063,1015681,1038750,25.42173,6.314938,6.543067,22.271774,46.674624,31.063006,23.489062
2310,40.9494,-89.1391,17203,9907.6,76.587367,3536.5,3522.6,3385.8,3425.9,3707.5,3545.1,3684.8,3462.9,3403.8,3831.3,3626.2,3839.1,3529.1,3422.3,3625.7,496.8,568.2,490.9,392.8,249.9,436.6,306.9,799.6,627.4,769.7,656.5,395,652.7,606.7,655.8,1111036,1100502,1106956,1106207,1164896,1079093,1140631,1047190,1036600,1088868,1056973,1150442,1070712,1068668,28.946181,6.334831,4.87897,28.382595,57.494213,14.131438,26.019965
2320,41.8038,-89.0386,17103,5567.7,818.184127,3407.2,3395.2,3232.8,3288.3,3573.2,3402.4,3532.8,3302,3198.3,3595.5,3376.3,3619.9,3336.8,3228.2,3427,518.5,513.8,544.6,440.2,250.5,477.9,341.1,684.4,709,848.6,663.7,413.2,646.4,581.3,617.3,1106855,1104826,1103173,1096116,1162030,1068247,1137954,1044546,1022223,1054726,1051761,1142612,1050076,1058505,25.731916,6.171853,5.242155,23.251591,59.351128,17.280961,24.439735
2360,43.88055,-88.83645,55139,2448.2,55.374314,3099.5,3090.1,2933.9,2907.4,3231.2,3143.7,3164.3,3089.5,3002.1,3377.7,3108.4,3464,3063.7,2994.7,3235.9,491.3,411.5,429.1,553.4,284.4,461.8,456.7,601.4,546,782.5,536.3,369.2,571.5,734.2,547.3,1080991,1107114,1095120,1067248,1140296,1073098,1113942,1034708,1030228,1025914,1010109,1113329,1008469,1006312,24.384259,6.229391,10.1534,20.683738,40.316696,38.941117,22.137999
2401,41.85304,-83.8897,26091,8154.2,367.752589,3248,3333,3082.2,3178,3377.4,3245.3,3307.1,3292.5,3153.2,3496,3273.8,3462.1,3188.4,3096.3,3292.8,440.4,458.5,476.5,471.9,365.7,505.8,356.5,633.5,497.4,676.6,738.7,426.6,508.3,593.9,523.3,1082990,1101959,1063854,1056558,1113659,1079980,1142007,1070656,1032934,1076602,994562,1115948,1031735,1036649,23.326172,6.508818,6.24208,24.929615,35.695385,39.297815,21.974501
2403,41.49771,-84.2218,39051,8495.7,77.247666,3318.5,3405.3,3147.4,3242.3,3414,3286.9,3371.5,3415.5,3302.4,3593.4,3428.6,3562.5,3313.8,3214,3371.6,451.6,502.9,529.9,490.8,406.9,521.6,348.8,565.2,547.6,637.9,811.9,476.9,572,632.8,609.2,1088312,1095731,1061458,1056153,1112484,1080667,1141454,1080072,1043247,1092290,1009798,1128344,1042088,1045319,23.321181,6.534635,5.115818,30.310981,39.334129,30.351273,23.589431
2405,41.03575,-83.75086,39063,8836.3,24.642896,3366.3,3493.8,3220,3310,3446.6,3326.7,3425.1,3416.1,3355.6,3660.9,3497,3601.7,3373.7,3304.7,3449.7,493.1,571.2,596.8,517.8,474.7,524.7,349.6,534.9,563.7,542.8,872.4,474,617.4,698.6,559.3,1081746,1089583,1054250,1041735,1104772,1081748,1143176,1072075,1037173,1092517,1013273,1123930,1034931,1048791,22.700159,6.297555,5.070031,27.158058,42.484447,30.387876,23.442925
2440,41.088768,-84.923992,18003,8018.9,103.590251,3404.2,3487,3220.6,3320.7,3475.9,3319.4,3464.8,3467.3,3388,3666.6,3501.9,3624.8,3377,3245.2,3426.5,490.3,570.5,585.9,510.4,434,562.6,356.2,567,558.5,615.3,805.9,429.1,606.5,707.6,640.1,1099022,1086149,1058441,1061272,1108881,1076707,1136233,1085666,1038165,1091338,1030197,1139395,1054354,1048090,24.700159,6.542723,5.261963,32.82921,42.223669,24.938874,24.791471
2441,41.100331,-84.943328,18003,8018.9,103.590251,3404.2,3487,3220.6,3320.7,3475.9,3319.4,3464.8,3467.3,3388,3666.6,3501.9,3624.8,3377,3245.2,3426.5,490.3,570.5,585.9,510.4,434,562.6,356.2,567,558.5,615.3,805.9,429.1,606.5,707.6,640.1,1099022,1086149,1058441,1061272,1108881,1076707,1136233,1085666,1038165,1091338,1030197,1139395,1054354,1048090,24.700159,6.542723,5.261963,32.82921,42.223669,24.938874,24.791471
2450,41.442455,-84.067736,39069,6807.1,38.231477,3325,3427.9,3164.9,3258.1,3422,3297.4,3377,3408.2,3293.4,3591.6,3428.6,3564,3315.3,3227.5,3389.9,451.2,501.5,538.1,481.8,416.3,512.7,343.3,562.2,535.4,624.5,839,475,576,617.5,590.1,1085007,1095171,1060796,1051173,1110759,1081349,1143037,1073782,1042507,1089562,1007280,1126301,1039960,1047012,22.995153,6.441833,5.166258,27.594763,36.238209,36.187428,22.536458
2460,42.280688,-85.097231,26025,2762.1,409.504182,3216.9,3277.8,3044.8,3134.4,3359.7,3222.3,3304.8,3243.3,3107.8,3430.8,3220.7,3428.4,3140.1,3056.1,3240.1,455.9,476.3,450.1,489.8,335.9,476.3,359,687.7,617.1,703.6,776.8,402.6,645.9,635.8,647,1089599,1101100,1057197,1063838,1112960,1077509,1133889,1086962,1027565,1071281,1005379,1128738,1036649,1026325,21.491826,6.029767,9.477693,17.59592,32.268229,50.162254,19.583746
2470,41.795526,-83.823814,26091,7995.8,435.875248,3243.5,3335.4,3093.9,3185.4,3381.2,3253.6,3284.4,3380.8,3236.1,3556,3363.9,3534.4,3259.4,3182.1,3379.3,388.2,413.1,465.2,418.5,350.7,468.2,319.5,573.6,473.4,645.4,783.1,479.6,550,668.4,513.2,1082279,1102598,1066387,1053787,1115436,1082047,1145230,1064539,1041164,1084769,1000213,1119102,1036209,1045564,23.564164,6.611328,6.308931,30.145038,35.341435,34.517361,23.219423
3120,40.81136,-97.22105,31159,8581.7,9554.536019,3754.6,3837.9,3640.1,3659.9,3868.7,3806.9,3774.3,3573.6,3552.8,3834.5,3769,4113.1,3702.4,3653.6,3667.2,452.4,309.5,331,293.7,281.8,321.5,438.4,602.8,641.2,656.1,597.4,287.5,472.5,585.5,729.2,1146080,1197977,1162911,1163510,1187992,1175167,1154896,1119788,1115222,1134181,1126969,1214992,1087708,1120001,26.155671,6.124392,3.430133,28.123119,56.874711,15.0102,25.59375
3121,40.81449,-97.21952,31159,8581.7,9554.536019,3754.6,3837.9,3640.1,3659.9,3868.7,3806.9,3774.3,3573.6,3552.8,3834.5,3769,4113.1,3702.4,3653.6,3667.2,452.4,309.5,331,293.7,281.8,321.5,438.4,602.8,641.2,656.1,597.4,287.5,472.5,585.5,729.2,1146080,1197977,1162911,1163510,1187992,1175167,1154896,1119788,1115222,1134181,1126969,1214992,1087708,1120001,26.155671,6.124392,3.430133,28.123119,56.874711,15.0102,25.59375
3130,40.29883,-97.13209,31095,7523.6,6171.819101,3798.9,3889.2,3699.7,3690.9,3884,3868.4,3835.3,3632,3623.9,3925.8,3884.3,4201.3,3749.2,3739.7,3783.1,496.5,332.3,312.6,314.5,333.3,319.6,448.1,650.6,616.5,579.3,611.7,290.4,495.9,674.2,708.4,1146008,1189609,1160503,1167018,1188596,1174144,1144132,1108380,1114843,1146879,1145981,1213273,1087546,1124699,25.854528,6.049624,3.356874,27.524161,54.155237,18.275318,25.226975
3135,40.29883,-97.13113,31095,7523.6,6171.819101,3798.9,3889.2,3699.7,3690.9,3884,3868.4,3835.3,3632,3623.9,3925.8,3884.3,4201.3,3749.2,3739.7,3783.1,496.5,332.3,312.6,314.5,333.3,319.6,448.1,650.6,616.5,579.3,611.7,290.4,495.9,674.2,708.4,1146008,1189609,1160503,1167018,1188596,1174144,1144132,1108380,1114843,1146879,1145981,1213273,1087546,1124699,25.854528,6.049624,3.356874,27.524161,54.155237,18.275318,25.226975
3140,40.4636,-98.01376,31035,6597.1,15305.3681,3717.9,3817.8,3591.4,3629.3,3799,3752.2,3706.8,3495,3494.6,3834.2,3743.9,4092.4,3678.9,3608.5,3699.9,419,262.6,338.3,282.6,287.7,293.1,429.4,667.8,556.9,527.8,570.6,310.1,458.6,506.9,720.9,1161100,1209907,1175362,1171005,1194031,1186506,1159182,1135078,1122963,1158037,1144178,1217645,1112877,1139258,25.931785,6.080331,3.554542,27.54145,58.894821,13.483579,25.745291
3170,40.462764,-99.488756,31137,8796.1,20492.89921,3660.7,3741.1,3545.6,3529.3,3689.1,3677.9,3620.7,3384.1,3319.8,3693.2,3580.3,4008.3,3615.3,3496.4,3611.4,356.7,200.6,270.2,276.3,255.2,240.7,348.2,519.4,402.5,526.7,542.2,226,437.9,511.7,598.2,1190446,1233422,1203667,1186840,1214553,1208059,1187843,1162464,1125448,1177124,1150487,1221550,1146656,1171270,23.832176,6.291471,2.962732,22.157335,50.150029,27.691117,23.666124
3202,41.03552,-94.3352,19175,7925.1,2.056075,3529.3,3533.2,3433.5,3397.7,3664.8,3639,3642.8,3351.5,3344.4,3682,3571.4,3881.5,3479.2,3396.6,3555.4,616.6,535.7,400.4,396.2,319.1,314.3,335.6,794.5,576.2,983.3,643.6,377.3,705.8,682.9,943,1101420,1136909,1133924,1133447,1177896,1126736,1159489,1096786,1092491,1082287,1089651,1177336,1059576,1050269,29.997323,6.257805,4.127975,31.326751,55.720052,12.982711,26.784896
3203,39.744161,-94.404116,29049,6604.4,15.184996,3816.6,3802.8,3684,3622.3,3906.4,3898.3,3940.7,3673.1,3593.3,3991.2,3884.7,4172.3,3738.7,3737.8,3852.2,636.6,591.2,494.8,432.7,317,321.4,281.9,745,655.8,730.5,603.7,375,648.3,525.4,733.5,1114290,1141271,1141721,1135861,1182674,1144251,1131629,1096253,1087707,1100991,1118585,1176043,1078981,1096332,26.927662,6.110554,3.676102,28.014395,61.23235,10.51454,26.233767
3205,41.521276,-93.805922,19121,3306.5,48.638183,3515.6,3516.1,3428.3,3392.4,3653.7,3623.9,3627.7,3424,3385.9,3727.6,3557.7,3898.3,3504.5,3397.2,3595.8,602,532.8,425.1,419.4,313.5,314.3,346.2,780.1,647,1017.3,670.5,364.7,662.5,1006.6,929.5,1097478,1130624,1128596,1126321,1173946,1118698,1162053,1083717,1081788,1075424,1068763,1163583,1053787,1032113,26.300998,6.245696,4.393888,26.447266,52.522859,21.061343,24.749349
3230,42.027402,-93.770348,19015,8019.9,7.128219,3401.7,3412,3311.8,3291,3556.4,3497.4,3510.2,3326.4,3288.2,3605.5,3432.7,3791,3388.4,3272,3489.5,573,488.5,448,437.4,310.4,358.9,370.4,849,758.7,922.1,644.9,344.4,665.9,979,869.2,1093215,1127436,1124374,1121750,1164449,1111888,1162852,1074267,1081554,1080479,1066851,1153405,1054953,1019070,29.687138,6.3415,4.332499,26.049479,43.888021,30.106916,24.613043
3240,40.87808,-91.3241,19057,5857.3,409.387314,3549.2,3549.1,3444.5,3410.6,3698.2,3612.9,3652.6,3449.1,3406.4,3762.3,3633.4,3889.5,3582.1,3444,3625.3,588.9,565.3,477.3,405.6,237.4,332.3,320,816,709.9,901,674.7,504.5,666.6,718.4,730.1,1106357,1111796,1107643,1105084,1175285,1096135,1146364,1051926,1063094,1075092,1071921,1154962,1076006,1051493,26.232567,6.094546,4.137593,26.34498,65.39171,8.18844,25.751845
3250,41.5084,-92.2591,19107,8184.5,10.669301,3508.9,3510.7,3423.8,3374.6,3649,3596.4,3625.2,3384.7,3360.4,3706.9,3558.1,3826.1,3504.1,3375.5,3539.4,613.7,548,478.8,453.5,285.8,320,349.8,832.5,759,1005.9,666,452.6,631.8,873,790.6,1100185,1117271,1113681,1106577,1171764,1102234,1152772,1058569,1070058,1063252,1077719,1152815,1060971,1033852,26.721209,6.129022,4.370149,27.984375,55.205584,16.825593,25.457118
3260,41.174419,-95.070714,19029,9210.8,54.754267,3555.2,3574,3434.1,3415,3706.3,3646,3640.4,3378.6,3362.9,3651.9,3534.6,3871,3462,3376.6,3567.6,537.3,445.3,368.6,373.1,281.7,368.4,370.3,652.9,577.6,933.7,649.7,382.9,558,796.6,990.7,1105947,1152702,1141297,1142104,1178637,1137059,1163476,1100167,1101982,1093154,1102322,1188154,1064652,1059345,28.566189,6.123054,3.873409,30.151331,62.204138,7.618779,26.285742
3270,41.61648,-90.639011,19163,4262.3,183.247586,3467.7,3467,3352.7,3332.8,3632.6,3498.1,3577.5,3431.4,3343.5,3747.9,3544.8,3800.9,3511.8,3403.9,3570.7,549.3,522.1,506.1,437.2,225.3,386.8,346,755.2,673.1,862.3,601.6,445.9,673.9,580.8,736.7,1098416,1104037,1098151,1095078,1165773,1075831,1139697,1047453,1042367,1070876,1068836,1157628,1070681,1059211,25.836155,6.334375,4.515933,25.619141,57.108724,17.206308,24.725304
3271,41.61648,-90.639011,19163,4262.3,183.247586,3467.7,3467,3352.7,3332.8,3632.6,3498.1,3577.5,3431.4,3343.5,3747.9,3544.8,3800.9,3511.8,3403.9,3570.7,549.3,522.1,506.1,437.2,225.3,386.8,346,755.2,673.1,862.3,601.6,445.9,673.9,580.8,736.7,1098416,1104037,1098151,1095078,1165773,1075831,1139697,1047453,1042367,1070876,1068836,1157628,1070681,1059211,25.836155,6.334375,4.515933,25.619141,57.108724,17.206308,24.725304
3280,40.58812,-95.46632,19071,9996.9,672.502145,3707.6,3747.4,3592.8,3554.3,3821.3,3797.9,3806.4,3576.1,3545.5,3827.5,3814.6,4094.1,3654.1,3630.4,3791.3,557.9,437.8,361,357.1,324.5,358.3,353.3,765.2,569.9,730.4,620.1,330.3,655.4,672,794.2,1118450,1160329,1146286,1150248,1182821,1149834,1146095,1104258,1105001,1106654,1119136,1193071,1073187,1103402,28.073206,6.302655,3.601325,28.813802,63.26671,7.849609,26.02105
3290,39.13984,-92.01323,29007,6703.7,1308.19048,3900.2,3934.6,3747.6,3707.5,3948,3973.4,3955.8,3701.2,3698.5,4068.4,3987.3,4197.9,3798,3764.3,3909.9,553.7,523,468.8,361.8,333.4,302.4,298.9,804.6,794.9,642.9,654.6,398.4,461.4,500.1,696.2,1124458,1124147,1119955,1106389,1172146,1137669,1138740,1067971,1076921,1103067,1107133,1156855,1074800,1073612,24.447844,5.930462,3.545708,24.78125,65.62717,9.413484,26.284462
3310,40.12773,-88.08744,17019,10867,262.187981,3658.8,3734.4,3498.6,3557.7,3786.6,3603.4,3793,3614.2,3573.1,4013.3,3777.4,3945.2,3624.3,3521.2,3662.9,479.6,573.3,459,424.7,379.4,488.8,311.3,770.6,569,552.7,695.7,408.6,545.1,757.7,673.3,1115156,1085014,1109788,1111157,1139755,1091789,1144578,1081146,1041432,1132429,1056122,1156798,1065845,1077414,25.54919,6.154644,4.512686,24.760778,56.156467,19.125145,24.807096
3311,40.12773,-88.08744,17019,10867,262.187981,3658.8,3734.4,3498.6,3557.7,3786.6,3603.4,3793,3614.2,3573.1,4013.3,3777.4,3945.2,3624.3,3521.2,3662.9,479.6,573.3,459,424.7,379.4,488.8,311.3,770.6,569,552.7,695.7,408.6,545.1,757.7,673.3,1115156,1085014,1109788,1111157,1139755,1091789,1144578,1081146,1041432,1132429,1056122,1156798,1065845,1077414,25.54919,6.154644,4.512686,24.760778,56.156467,19.125145,24.807096
3315,40.950231,-89.139162,17123,7856.5,453.217903,3536.5,3522.6,3385.8,3425.9,3707.5,3545.1,3684.8,3462.9,3403.8,3831.3,3626.2,3839.1,3529.1,3422.3,3625.7,496.8,568.2,490.9,392.8,249.9,436.6,306.9,799.6,627.4,769.7,656.5,395,652.7,606.7,655.8,1111036,1100502,1106956,1106207,1164896,1079093,1140631,1047190,1036600,1088868,1056973,1150442,1070712,1068668,29.065032,6.40489,5.236967,27.748336,54.935836,17.353877,25.69707
3320,39.71001,-90.06519,17137,9288.8,249.918445,3756.8,3812.6,3607.5,3594.6,3885.6,3768.5,3866,3621.6,3613.8,4061.4,3838.3,4101.2,3716.7,3652.9,3845.3,498.6,509,450.9,385.7,256.4,381.8,257.1,877.5,770.4,599,774.1,344.5,511.8,569.1,666.1,1119572,1110194,1114075,1115987,1173445,1111285,1150122,1064004,1063891,1117978,1084856,1157852,1076187,1080063,24.949146,5.994893,3.954295,25.902344,68.651042,5.268591,25.673199
3330,40.5528,-89.473,17179,6651.2,1955.484531,3620.3,3631,3471.9,3486.5,3779.4,3629.7,3750.7,3547.2,3497.8,3933.9,3726.4,3954.8,3626.3,3515,3698.9,483.1,544.4,484,390,252.1,410.5,275.6,784.7,664.2,682.7,713.2,348.5,658.1,729.4,736.4,1112647,1101890,1108607,1111610,1169898,1090681,1143174,1051434,1044647,1108592,1067842,1153973,1076829,1069724,24.578125,6.089837,3.988499,24.516059,62.850984,12.589193,25.081901
3340,40.214522,-88.913641,17039,10511.1,76.381859,3640.8,3676.1,3489.4,3513.5,3799.8,3635.2,3777.6,3541.8,3500.1,3964.5,3731.4,3941.9,3615.4,3506.5,3673.3,464.7,539.2,463.8,398.7,284.4,432.6,275,758.4,598.6,626.8,668.3,360.1,551.1,745.5,693.3,1115288,1097216,1111903,1115129,1163371,1095100,1144457,1063502,1044432,1120373,1071322,1154417,1071861,1074860,26.560171,6.270893,4.637254,25.518051,63.873061,10.590764,25.551783
3370,40.417,-90.506017,17109,9386.5,37.630013,3668.5,3680.5,3532,3516.7,3803.1,3701.8,3780.2,3525.2,3468.1,3905.8,3742.2,3999.4,3658.8,3547.1,3756.3,527.8,543.4,494.1,379.4,251.5,362.2,269,909.4,731.2,750.1,658.3,402.2,637.5,635.8,593.9,1113804,1110360,1109807,1111829,1178229,1101868,1145791,1055844,1063936,1095473,1078545,1157022,1081129,1060535,27.742405,6.174971,4.459807,27.227069,68.254196,4.463542,26.128016
3410,40.31556,-85.74779,18095,7687.3,110.664734,3522.6,3633.3,3346.2,3464.3,3616,3416.1,3635.7,3520.1,3482.7,3842.6,3636.2,3723.4,3508,3368.9,3501.7,562,638.3,585.1,535.5,456.1,598.1,349.8,580.1,548.2,558.5,780,441.2,632.4,675.6,708,1104002,1072168,1063279,1067676,1103960,1071453,1132724,1094560,1018819,1112035,1039163,1139573,1061912,1066283,23.263021,6.458767,4.624764,24.526259,53.364511,22.161675,23.681554
3420,39.32349,-85.233553,18137,3497.9,17.129785,3676.2,3819.9,3497.3,3644.8,3774.5,3604.7,3829.6,3629.3,3555.3,4047.3,3732.5,3827,3575.2,3510.3,3632.1,636,757.8,703.3,629.7,484.5,540.6,351.6,530,822.6,519.3,843.3,471.5,597.1,634.1,871.1,1083321,1048863,1040227,1042041,1083747,1076760,1140341,1088975,1007787,1115552,1017467,1132126,1063793,1077948,18.95667,5.843229,4.390081,19.402995,61.03805,19.528935,23.085026
3490,40.899287,-86.814469,18181,6426.6,192.953296,3453,3482.7,3268.5,3348.1,3584.2,3390.2,3572.8,3458.8,3411.8,3721.7,3563.4,3719.4,3459.4,3300.5,3507,434,535.9,477.6,442.7,378.3,507.7,322.9,804.2,542.5,631.8,759.5,371,558.7,749,746.7,1115269,1090718,1091215,1093426,1133656,1076550,1137188,1079350,1028998,1105025,1037185,1149816,1060328,1056727,19.566045,6.176917,5.671409,15.652633,27.064525,57.282335,17.002778
3491,40.899287,-86.814469,18181,6426.6,192.953296,3453,3482.7,3268.5,3348.1,3584.2,3390.2,3572.8,3458.8,3411.8,3721.7,3563.4,3719.4,3459.4,3300.5,3507,434,535.9,477.6,442.7,378.3,507.7,322.9,804.2,542.5,631.8,759.5,371,558.7,749,746.7,1115269,1090718,1091215,1093426,1133656,1076550,1137188,1079350,1028998,1105025,1037185,1149816,1060328,1056727,19.566045,6.176917,5.671409,15.652633,27.064525,57.282335,17.002778
3501,40.12588,-76.53423,42071,1073.8,596.548113,3723.3,3861.6,3558.5,3757.9,3850.7,3789.2,3795.9,3791.5,3670,4020.4,3812.7,3825.8,3605.8,3650.3,3732.8,475.4,575.7,829,664.1,521.2,576.2,418.5,742.9,736.5,586.6,884.2,551.5,688,545.1,511.1,1078546,1077028,936752,989475,1070958,1051722,1114356,1032876,968956,1083431,990265,1058000,1044000,1072968,19.59971,5.963137,5.472535,20.728395,54.385403,24.856064,22.873704
3503,40.12587,-76.53434,42071,1073.8,596.548113,3723.3,3861.6,3558.5,3757.9,3850.7,3789.2,3795.9,3791.5,3670,4020.4,3812.7,3825.8,3605.8,3650.3,3732.8,475.4,575.7,829,664.1,521.2,576.2,418.5,742.9,736.5,586.6,884.2,551.5,688,545.1,511.1,1078546,1077028,936752,989475,1070958,1051722,1114356,1032876,968956,1083431,990265,1058000,1044000,1072968,19.59971,5.963137,5.472535,20.728395,54.385403,24.856064,22.873704
4104,39.010983,-95.210466,20045,4722.5,190.911028,4049.4,4029.1,3891.9,3815,4071,4120.6,4073.5,3855,3801.4,4222.2,4186.9,4391.7,3923.1,3960.8,4001.4,569.6,553.1,538.6,434.5,342.2,310.3,354.2,880.9,762.1,639.7,562.3,377.6,653.1,570,765.9,1133516,1149316,1154332,1144573,1186505,1166562,1104088,1087779,1080784,1123253,1151296,1179171,1080636,1116892,22.894242,6.499313,3.997221,23.591942,54.15191,22.28219,23.752799
4108,39.805992,-95.261603,20043,9546.9,177.615088,3854.1,3871.6,3728.6,3665.6,3927,3936.8,3968.9,3722.2,3623.3,4002.8,3951.4,4205.1,3776,3757.5,3883.8,596.5,513.1,453.3,415.9,352.7,340.7,296.7,729.6,635.7,709.7,535.4,339.5,557.7,630.1,736.8,1124855,1155007,1149231,1148789,1184332,1156709,1126072,1094822,1092153,1114006,1128859,1184089,1079015,1112949,26.337167,6.267969,3.531338,26.081742,61.863498,12.046224,25.126845
4110,39.78421,-97.86691,20157,5759.3,4111.376335,3876.7,3978.3,3751.6,3770.7,3936.7,3933.5,3870.3,3688.7,3703,4073.5,4021.9,4305.6,3840.1,3915.6,3928.7,471.5,256.8,319.6,306.4,299.9,275.6,446.3,643.6,617.4,525,500.1,321.7,490.4,431.4,597.1,1172365,1207175,1181466,1179990,1204030,1192486,1153138,1140291,1132357,1169152,1173574,1217500,1117055,1147378,23.202257,6.453711,3.052826,21.578704,50.681279,27.755136,23.025694
4120,39.747108,-95.470291,20013,8446.3,110.484664,3848.3,3869.8,3725.1,3662.6,3920,3931.8,3962.1,3722.1,3622.1,4001.2,3956.3,4211.9,3771.5,3767.6,3872.6,594.4,505.5,447.8,414.1,357.4,341,301.6,739.3,629.7,669.6,507.9,320.9,530.2,632.4,707,1126008,1156248,1149833,1150000,1184520,1157795,1125847,1094848,1096487,1119000,1132379,1187499,1082148,1116161,27.320964,6.285648,3.535033,28.220631,58.24906,13.506149,25.61684
4215,40.569134,-95.694995,19071,7635,681.312339,3779.8,3827.9,3665.8,3632,3900.8,3863.4,3861.6,3664.9,3638.9,3911.1,3906.3,4197.7,3748.7,3747.2,3825.3,532,408.5,345.4,348.8,311.9,364.7,384.8,719.1,549.4,704.7,584.4,330.2,601.2,735.9,799.4,1122117,1167604,1148436,1152872,1183334,1153782,1148795,1104773,1106352,1111532,1120610,1196469,1074075,1104333,27.944251,6.697676,3.853998,26.140023,55.525919,18.320374,24.817159
4220,38.81503,-90.5927,29183,2505.9,123.239327,3988.3,4078.8,3837.3,3800.5,4053.5,4007,4076.2,3852.1,3857,4308.6,4095.2,4300.2,3921.5,3878.3,3944,532.9,483.8,436.2,416.2,313.7,351.1,272.2,828.3,658,582.3,728.4,385.4,524.5,628.1,763.1,1127489,1115687,1119090,1111736,1162964,1133024,1156259,1079022,1074749,1119727,1108812,1164382,1070697,1093418,21.866319,6.50144,4.424011,22.712095,58.599248,18.633825,23.80957
4260,40.16067,-92.0572,29103,5382.6,31.564411,3760.1,3759.3,3637.1,3603.5,3865.9,3826.1,3855.2,3611.2,3536.3,3914.9,3794.3,4056.3,3706.7,3627.6,3787.6,600,553.8,497,397.6,283.7,306.2,297.6,837.7,603.2,794.4,685.4,424.4,602.7,510.3,624.4,1117381,1120021,1117346,1113538,1179212,1120268,1147283,1074304,1080903,1087803,1077388,1157662,1073014,1056834,25.205078,5.976924,4.041788,26.602937,58.694806,14.610026,25.771376
4270,39.185239,-93.324883,29195,9507.9,182.632845,3948.1,3944.1,3808.3,3756.7,4018.1,4043.1,4009.5,3824.6,3766.6,4124,4056.4,4323,3897,3844,3943,593.8,589.5,505.9,379.7,295.9,283.8,306,883.9,677,630.2,702.5,372.3,512.2,549.3,820.8,1119415,1129693,1129679,1113576,1178569,1141663,1128841,1078114,1076072,1101527,1118913,1166912,1081778,1085627,24.522642,6.443902,3.781648,23.424117,62.75463,13.753255,24.496202
4310,38.7362,-89.59698,17119,4763.7,104.707088,3999.2,4130.6,3851.8,3840.5,4083.4,3980.3,4115.7,3877.1,3875.1,4310.7,4107.8,4283.2,3925.4,3870.2,3993.8,531.4,492.9,431.3,406.5,316.9,406.5,256.3,747.7,639.4,517,751,372.9,594.5,604.6,810.1,1127975,1107673,1121790,1116088,1149494,1128169,1166146,1093952,1071181,1136246,1111725,1161294,1062226,1108868,20.155888,6.258608,4.017265,19.458984,72.323061,7.991175,23.981228
4312,38.83001,-90.0379,17119,2803.3,70.842181,3965,4075,3819.1,3788.5,4039.1,3968.8,4071,3845.8,3845.6,4295.7,4082.8,4276.6,3913.3,3864.3,3989.1,529.7,481.5,429.5,419.1,309.2,376.7,261.5,821.6,585.4,517.6,723.6,371.9,562.6,548.7,783.8,1128341,1112195,1120382,1113730,1157645,1132358,1161523,1089042,1075533,1128400,1113228,1164547,1064169,1104253,19.728082,6.28138,3.78996,20.059968,65.455584,14.367549,23.461914
4320,39.1402,-87.86,17033,7761.1,623.312683,3885.1,4038.2,3720.4,3774.2,3966.4,3803.8,3996.8,3869.1,3799.1,4226.6,3985.1,4128.9,3810.8,3718.3,3822.7,496.9,555.8,460.4,414.1,373.4,484.3,288.9,577.3,664.6,452.3,857.5,424.5,552.5,646.4,737.5,1117683,1088292,1112322,1110076,1127424,1105139,1159541,1098227,1037373,1140262,1082211,1159041,1059175,1086454,20.061343,6.059295,3.831641,19.669777,56.416088,23.963614,23.069878
4330,38.495,-87.7274,17185,6350.3,1469.001391,4009.7,4174.2,3845,3899.2,4053,3917.6,4117.8,3943.4,3910,4332.3,4045.2,4210.9,3856.3,3825.4,3917.5,546.5,606.5,518,413.6,406.3,506.9,286.6,494.1,700.6,511.3,990.7,379.2,569.4,608.3,758,1118194,1088025,1110880,1104691,1118459,1112710,1169128,1104192,1041292,1130374,1074068,1160654,1058236,1098336,19.990656,6.098254,4.293061,20.680936,57.564537,21.725699,23.091504
4360,39.20204,-89.82713,17117,5678.6,35.699188,3852.5,3960.1,3704.3,3694,3970.5,3843.2,3968.4,3706.7,3723.1,4152.8,3900,4133,3771,3695.7,3829.8,497.4,497.4,411,413.5,289.5,400.4,264.5,853.6,708.9,567,712.5,342.3,593.7,551.3,700.5,1123736,1107446,1118515,1117556,1159543,1118289,1157894,1078800,1067267,1129571,1103934,1165577,1068931,1091194,22.157769,6.085475,3.7624,20.287977,69.740885,9.805266,24.536806
4370,38.48479,-89.74203,17027,7208.1,130.75672,3999.5,4125.1,3851.6,3835.9,4070.3,3980,4113.8,3906.3,3900.5,4345.6,4136.4,4318.9,3950,3899.7,4026.5,533.9,495.7,438.7,403.7,320,407.6,257.1,747,610.2,484.7,731.5,383.9,504.2,550.1,786.9,1129073,1107648,1122190,1115188,1148456,1131345,1167555,1094936,1075834,1131158,1110939,1160997,1062053,1111071,20.444083,6.312001,3.991933,20.10923,69.956814,9.77134,24.010981
4501,39.61097,-75.39198,34033,4802.5,2352.601418,3813.4,3936.3,3642.8,3827.1,3860.5,3839.2,3780.9,3813.3,3708.3,4047.8,3917.9,3861.9,3658.3,3649.4,3852.3,371.7,488,778.1,586.6,465.5,573.3,387.7,670.6,872.6,471.1,745.4,545.9,723.9,484.2,479.4,1110616,1118345,973423,1030837,1091053,1094156,1136127,1052984,964300,1100437,1031840,1070288,1071220,1091680,16.448016,5.24449,7.353585,13.377498,47.019476,39.525702,20.002976
4503,38.992264,-76.143491,24035,2329.9,872.796547,3785.1,3961.6,3653.2,3842.6,3864.8,3842.5,3808,3826.2,3745.7,4113.7,4006.5,3920.1,3702.3,3737.8,3960.6,420.9,460.9,800.2,601.4,470.9,600.3,360.4,656,865.8,479.2,799.9,567,752.3,466,471.3,1104262,1115668,967285,1017703,1081208,1092620,1137801,1088190,1003816,1125843,1067502,1106452,1083053,1117816,14.713976,5.174819,7.175737,11.376374,45.319878,43.055411,18.938498
4504,39.362128,-75.836019,24015,2336.7,900.479957,3839.5,3961.8,3665.6,3847.9,3885.9,3856,3811.8,3795.2,3688.4,3980.1,3864.6,3832.2,3610.2,3622.6,3844.2,411.8,517.9,828.3,621.5,503.9,617.8,414,693.8,846.2,486.4,712,526.7,653.6,493,514.8,1101368,1107177,958888,1016814,1082850,1081946,1130107,1053832,970683,1098559,1027442,1069374,1067801,1094285,17.459655,5.267529,7.178402,13.020716,48.955889,38.091192,20.103433
5210,37.88951,-89.83043,17157,3739.8,73.342896,4038.2,4131.5,3892.6,3864.8,4076.1,4021.9,4153.3,3960.8,3969.1,4385.2,4167.5,4352.7,3933.9,3917.7,4015.7,542.8,540,468.6,407.3,343.6,410.5,258.8,673.1,683.5,488,774.9,388.9,531.8,559.5,741.6,1131775,1104722,1123049,1112383,1147852,1139963,1169997,1087545,1067985,1122280,1112934,1155549,1061590,1115782,19.181517,5.803161,4.650474,20.106455,62.624761,17.167328,23.519938
5220,37.147997,-89.780363,29207,9736.4,10090.70575,4211.9,4191,4057.5,4049.1,4220.1,4221,4352.1,4189,4123.6,4547.5,4328.3,4507.7,3999.8,4031.6,4121.5,493,743.7,528.9,411.4,440.9,396.5,271.3,620.3,788.2,541.7,795,396.7,706.8,521.4,630.2,1134537,1074121,1122049,1107905,1152955,1152389,1173668,1086713,1053388,1111442,1109108,1161432,1070630,1102711,18.224392,5.964569,4.880537,20.614945,55.379413,24.001085,22.750217
5240,35.789506,-90.535658,5031,7138.2,15068.23326,4342,4288.1,4182.8,4161.2,4400.9,4434.1,4456.4,4351.8,4288.2,4730.6,4530.2,4620.1,4188,4195.3,4361.8,490.8,744.3,562.7,449.5,424.5,358.5,369.3,617.8,856.2,476.6,717.6,380.3,738.6,665.3,550.7,1133186,1061782,1121372,1105060,1162391,1166579,1161803,1086631,1063204,1122028,1142360,1163163,1088825,1112485,15.023582,6.103371,4.16295,16.251374,42.369792,41.500289,20.284266
5340,37.74147,-88.2199,17059,3597.7,1769.231583,4096,4191.5,3930.5,3972,4112.8,4005.4,4209.1,4068.3,3993.6,4424.2,4192.5,4322.8,3904,3925.7,4040,589.7,744.3,597.7,458.9,478.7,528.7,287.2,546.5,694.2,504.4,885.2,373.4,587.7,497.2,709.1,1119353,1077064,1108471,1098045,1116504,1120730,1170987,1105434,1043028,1119340,1092730,1157357,1056117,1109931,16.93145,5.923573,4.91477,19.293912,61.731056,18.932691,22.72258
5410,37.7327,-87.18486,21059,6110.4,341.723997,4057.8,4162.6,3891.8,3949.1,4089.5,3971.8,4187.6,4072.6,3981.7,4439.2,4133,4231.4,3879.7,3933.9,4055.5,628.3,821.8,674.9,538,524.9,549.4,314.9,588.2,758.6,565,979.3,449.4,657.9,528.2,701.1,1103994,1059215,1084261,1076934,1098524,1107148,1164699,1103603,1017711,1121910,1076843,1149309,1048094,1102341,16.712167,5.837854,4.958798,17.089193,57.426577,25.463903,21.84388
6510,35.6521,-76.5535,37095,4878.8,603.696746,4066.9,4214.5,4058.5,4191.6,4112.4,4092.7,4114.4,4163.5,4147.6,4404.9,4305.2,4084.2,3955.4,4071.8,4188.3,587.5,553.5,1029.7,728.8,753.5,736,426.6,750.4,780.9,642.1,755.2,764.4,723.2,740.8,726.3,1119322,1131365,1053406,1092506,1104364,1164444,1196729,1034136,1006414,1095700,1085140,1048570,1032294,1053288,27.879051,5.277074,12.225963,19.396447,40.531891,40.059025,23.972948
6530,35.2624,-77.8174,37107,2868.7,489.568647,4147.1,4288.3,4144.9,4277.3,4232.4,4194.1,4259.9,4224.2,4215.4,4502.7,4403.1,4186.9,4030.9,4192.8,4242.7,689.1,684.2,1074.7,848.9,797.3,774.2,501.2,660.1,746.5,728.8,640.3,704.3,755,697.3,742.6,1068769,1069624,993818,1029043,1043867,1121239,1154785,1062943,1028582,1108575,1093283,1040903,1034525,1077398,14.394748,5.245334,5.58776,15.159722,40.64171,44.129557,20.141168
6550,36.2642,-76.2517,37139,6018.4,300.925987,3951.9,4102.8,3875.7,4053.2,3959,3981.9,3981,4096.9,4107.2,4336.8,4274.7,4083,3948.7,4026.4,4167.2,458.4,398.5,862,603.7,579.4,640.9,304.2,612.3,703.6,574.9,746.2,618.6,620.8,761.5,708.8,1130000,1149802,1062641,1104483,1119823,1171308,1205131,1057835,1025526,1112839,1100547,1069212,1055486,1066473,20.756655,5.254557,8.44685,16.555845,41.41059,41.942057,21.56428
